Lang,Docs,Categories,Vocab,Trial,Time
C,10,3,100,1,6.258852027
Haskell,10,3,100,1,0.084651324
C,10,3,100,2,6.684688705
Haskell,10,3,100,2,0.065861876
C,10,3,100,3,6.502574665
Haskell,10,3,100,3,0.066625454
C,10,3,100,4,6.273805884
Haskell,10,3,100,4,0.083416628
